Year,Make,Model,Detailed_model,Price,Mileage
2016,Honda,Accord,LX,14793,3157
2014,Honda,Accord,,8900,120000
2018,Honda,Accord,1.5T Sport FWD,21700,3485
2017,Honda,Accord,EX-L FWD,17995,20700
2017,Honda,Accord,Sport SE FWD,17922,16222
2018,Honda,Accord,1.5T Sport FWD,21421,10358
2014,Honda,Accord,EX-L w/ Nav,12995,51000
2018,Honda,Accord,1.5T EX-L FWD with Navigation,20900,57008
2016,Honda,Accord,Sport,15000,42351
2018,Honda,Accord,2.0T Touring FWD,24900,30333
2018,Honda,Accord,1.5T LX FWD,18999,4884
2016,Honda,Accord,LX,13999,23893
2018,Honda,Accord,2.0T Sport FWD,22717,27874
2017,Honda,Accord,V6 EX-L FWD,19999,21128
2008,Honda,Accord,EX V6,6995,85487
2016,Honda,Accord,LX,14793,3157
2014,Honda,Accord,,8900,120000
2018,Honda,Accord,1.5T Sport FWD,21700,3485
2017,Honda,Accord,EX-L FWD,17995,20700
2017,Honda,Accord,Sport SE FWD,17922,16222
2018,Honda,Accord,1.5T Sport FWD,21421,10358
2014,Honda,Accord,EX-L w/ Nav,12995,51000
2018,Honda,Accord,1.5T EX-L FWD with Navigation,20900,57008
2016,Honda,Accord,Sport,15000,42351
2018,Honda,Accord,2.0T Touring FWD,24900,30333
2018,Honda,Accord,1.5T LX FWD,18999,4884
2016,Honda,Accord,LX,13999,23893
2018,Honda,Accord,2.0T Sport FWD,22717,27874
2017,Honda,Accord,V6 EX-L FWD,19999,21128
2008,Honda,Accord,EX V6,6995,85487
2016,Honda,Accord,LX,14793,3157
2014,Honda,Accord,,8900,120000
2018,Honda,Accord,1.5T Sport FWD,21700,3485
2017,Honda,Accord,EX-L FWD,17995,20700
2017,Honda,Accord,Sport SE FWD,17922,16222
2018,Honda,Accord,1.5T Sport FWD,21421,10358
2014,Honda,Accord,EX-L w/ Nav,12995,51000
2018,Honda,Accord,1.5T EX-L FWD with Navigation,20900,57008
2016,Honda,Accord,Sport,15000,42351
2018,Honda,Accord,2.0T Touring FWD,24900,30333
2018,Honda,Accord,1.5T LX FWD,18999,4884
2016,Honda,Accord,LX,13999,23893
2018,Honda,Accord,2.0T Sport FWD,22717,27874
2017,Honda,Accord,V6 EX-L FWD,19999,21128
2008,Honda,Accord,EX V6,6995,85487
2016,Honda,Accord,LX,14793,3157
2014,Honda,Accord,,8900,120000
2018,Honda,Accord,1.5T Sport FWD,21700,3485
2017,Honda,Accord,EX-L FWD,17995,20700
2017,Honda,Accord,Sport SE FWD,17922,16222
2018,Honda,Accord,1.5T Sport FWD,21421,10358
2014,Honda,Accord,EX-L w/ Nav,12995,51000
2018,Honda,Accord,1.5T EX-L FWD with Navigation,20900,57008
2016,Honda,Accord,Sport,15000,42351
2018,Honda,Accord,2.0T Touring FWD,24900,30333
2018,Honda,Accord,1.5T LX FWD,18999,4884
2016,Honda,Accord,LX,13999,23893
2018,Honda,Accord,2.0T Sport FWD,22717,27874
2017,Honda,Accord,V6 EX-L FWD,19999,21128
2008,Honda,Accord,EX V6,6995,85487
2016,Honda,Accord,LX,14793,3157
2014,Honda,Accord,,8900,120000
2018,Honda,Accord,1.5T Sport FWD,21700,3485
2017,Honda,Accord,EX-L FWD,17995,20700
2017,Honda,Accord,Sport SE FWD,17922,16222
2018,Honda,Accord,1.5T Sport FWD,21421,10358
2014,Honda,Accord,EX-L w/ Nav,12995,51000
2018,Honda,Accord,1.5T EX-L FWD with Navigation,20900,57008
2016,Honda,Accord,Sport,15000,42351
2018,Honda,Accord,2.0T Touring FWD,24900,30333
2018,Honda,Accord,1.5T LX FWD,18999,4884
2016,Honda,Accord,LX,13999,23893
2018,Honda,Accord,2.0T Sport FWD,22717,27874
2017,Honda,Accord,V6 EX-L FWD,19999,21128
2008,Honda,Accord,EX V6,6995,85487
2016,Honda,Accord,LX,14793,3157
2014,Honda,Accord,,8900,120000
2018,Honda,Accord,1.5T Sport FWD,21700,3485
2017,Honda,Accord,EX-L FWD,17995,20700
2017,Honda,Accord,Sport SE FWD,17922,16222
2018,Honda,Accord,1.5T Sport FWD,21421,10358
2014,Honda,Accord,EX-L w/ Nav,12995,51000
2018,Honda,Accord,1.5T EX-L FWD with Navigation,20900,57008
2016,Honda,Accord,Sport,15000,42351
2018,Honda,Accord,2.0T Touring FWD,24900,30333
2018,Honda,Accord,1.5T LX FWD,18999,4884
2016,Honda,Accord,LX,13999,23893
2018,Honda,Accord,2.0T Sport FWD,22717,27874
2017,Honda,Accord,V6 EX-L FWD,19999,21128
2008,Honda,Accord,EX V6,6995,85487
2016,Honda,Accord,LX,14793,3157
2014,Honda,Accord,,8900,120000
2018,Honda,Accord,1.5T Sport FWD,21700,3485
2017,Honda,Accord,EX-L FWD,17995,20700
2017,Honda,Accord,Sport SE FWD,17922,16222
2018,Honda,Accord,1.5T Sport FWD,21421,10358
2014,Honda,Accord,EX-L w/ Nav,12995,51000
2018,Honda,Accord,1.5T EX-L FWD with Navigation,20900,57008
2016,Honda,Accord,Sport,15000,42351
2018,Honda,Accord,2.0T Touring FWD,24900,30333
2018,Honda,Accord,1.5T LX FWD,18999,4884
2016,Honda,Accord,LX,13999,23893
2018,Honda,Accord,2.0T Sport FWD,22717,27874
2017,Honda,Accord,V6 EX-L FWD,19999,21128
2008,Honda,Accord,EX V6,6995,85487
2016,Honda,Accord,LX,14793,3157
2014,Honda,Accord,,8900,120000
2018,Honda,Accord,1.5T Sport FWD,21700,3485
2017,Honda,Accord,EX-L FWD,17995,20700
2017,Honda,Accord,Sport SE FWD,17922,16222
2018,Honda,Accord,1.5T Sport FWD,21421,10358
2014,Honda,Accord,EX-L w/ Nav,12995,51000
2018,Honda,Accord,1.5T EX-L FWD with Navigation,20900,57008
2016,Honda,Accord,Sport,15000,42351
2018,Honda,Accord,2.0T Touring FWD,24900,30333
2018,Honda,Accord,1.5T LX FWD,18999,4884
2016,Honda,Accord,LX,13999,23893
2018,Honda,Accord,2.0T Sport FWD,22717,27874
2017,Honda,Accord,V6 EX-L FWD,19999,21128
2008,Honda,Accord,EX V6,6995,85487
2016,Honda,Accord,LX,14793,3157
2014,Honda,Accord,,8900,120000
2018,Honda,Accord,1.5T Sport FWD,21700,3485
2017,Honda,Accord,EX-L FWD,17995,20700
2017,Honda,Accord,Sport SE FWD,17922,16222
2018,Honda,Accord,1.5T Sport FWD,21421,10358
2014,Honda,Accord,EX-L w/ Nav,12995,51000
2018,Honda,Accord,1.5T EX-L FWD with Navigation,20900,57008
2016,Honda,Accord,Sport,15000,42351
2018,Honda,Accord,2.0T Touring FWD,24900,30333
2018,Honda,Accord,1.5T LX FWD,18999,4884
2016,Honda,Accord,LX,13999,23893
2018,Honda,Accord,2.0T Sport FWD,22717,27874
2017,Honda,Accord,V6 EX-L FWD,19999,21128
2008,Honda,Accord,EX V6,6995,85487
2016,Honda,Accord,LX,14793,3157
2014,Honda,Accord,,8900,120000
2018,Honda,Accord,1.5T Sport FWD,21700,3485
2017,Honda,Accord,EX-L FWD,17995,20700
2017,Honda,Accord,Sport SE FWD,17922,16222
2018,Honda,Accord,1.5T Sport FWD,21421,10358
2014,Honda,Accord,EX-L w/ Nav,12995,51000
2018,Honda,Accord,1.5T EX-L FWD with Navigation,20900,57008
2016,Honda,Accord,Sport,15000,42351
2018,Honda,Accord,2.0T Touring FWD,24900,30333
2018,Honda,Accord,1.5T LX FWD,18999,4884
2016,Honda,Accord,LX,13999,23893
2018,Honda,Accord,2.0T Sport FWD,22717,27874
2017,Honda,Accord,V6 EX-L FWD,19999,21128
2008,Honda,Accord,EX V6,6995,85487
2016,Honda,Accord,LX,14793,3157
2014,Honda,Accord,,8900,120000
2018,Honda,Accord,1.5T Sport FWD,21700,3485
2017,Honda,Accord,EX-L FWD,17995,20700
2017,Honda,Accord,Sport SE FWD,17922,16222
2018,Honda,Accord,1.5T Sport FWD,21421,10358
2014,Honda,Accord,EX-L w/ Nav,12995,51000
2018,Honda,Accord,1.5T EX-L FWD with Navigation,20900,57008
2016,Honda,Accord,Sport,15000,42351
2018,Honda,Accord,2.0T Touring FWD,24900,30333
2018,Honda,Accord,1.5T LX FWD,18999,4884
2016,Honda,Accord,LX,13999,23893
2018,Honda,Accord,2.0T Sport FWD,22717,27874
2017,Honda,Accord,V6 EX-L FWD,19999,21128
2008,Honda,Accord,EX V6,6995,85487
2016,Honda,Accord,LX,14793,3157
2014,Honda,Accord,,8900,120000
2018,Honda,Accord,1.5T Sport FWD,21700,3485
2017,Honda,Accord,EX-L FWD,17995,20700
2017,Honda,Accord,Sport SE FWD,17922,16222
2018,Honda,Accord,1.5T Sport FWD,21421,10358
2014,Honda,Accord,EX-L w/ Nav,12995,51000
2018,Honda,Accord,1.5T EX-L FWD with Navigation,20900,57008
2016,Honda,Accord,Sport,15000,42351
2018,Honda,Accord,2.0T Touring FWD,24900,30333
2018,Honda,Accord,1.5T LX FWD,18999,4884
2016,Honda,Accord,LX,13999,23893
2018,Honda,Accord,2.0T Sport FWD,22717,27874
2017,Honda,Accord,V6 EX-L FWD,19999,21128
2008,Honda,Accord,EX V6,6995,85487
2016,Honda,Accord,LX,14793,3157
2014,Honda,Accord,,8900,120000
2018,Honda,Accord,1.5T Sport FWD,21700,3485
2017,Honda,Accord,EX-L FWD,17995,20700
2017,Honda,Accord,Sport SE FWD,17922,16222
2018,Honda,Accord,1.5T Sport FWD,21421,10358
2014,Honda,Accord,EX-L w/ Nav,12995,51000
2018,Honda,Accord,1.5T EX-L FWD with Navigation,20900,57008
2016,Honda,Accord,Sport,15000,42351
2018,Honda,Accord,2.0T Touring FWD,24900,30333
2018,Honda,Accord,1.5T LX FWD,18999,4884
2016,Honda,Accord,LX,13999,23893
2018,Honda,Accord,2.0T Sport FWD,22717,27874
2017,Honda,Accord,V6 EX-L FWD,19999,21128
2008,Honda,Accord,EX V6,6995,85487
2016,Honda,Accord,LX,14793,3157
2014,Honda,Accord,,8900,120000
2018,Honda,Accord,1.5T Sport FWD,21700,3485
2017,Honda,Accord,EX-L FWD,17995,20700
2017,Honda,Accord,Sport SE FWD,17922,16222
2018,Honda,Accord,1.5T Sport FWD,21421,10358
2014,Honda,Accord,EX-L w/ Nav,12995,51000
2018,Honda,Accord,1.5T EX-L FWD with Navigation,20900,57008
2016,Honda,Accord,Sport,15000,42351
2018,Honda,Accord,2.0T Touring FWD,24900,30333
2018,Honda,Accord,1.5T LX FWD,18999,4884
2016,Honda,Accord,LX,13999,23893
2018,Honda,Accord,2.0T Sport FWD,22717,27874
2017,Honda,Accord,V6 EX-L FWD,19999,21128
2008,Honda,Accord,EX V6,6995,85487
2016,Honda,Accord,LX,14793,3157
2014,Honda,Accord,,8900,120000
2018,Honda,Accord,1.5T Sport FWD,21700,3485
2017,Honda,Accord,EX-L FWD,17995,20700
2017,Honda,Accord,Sport SE FWD,17922,16222
2018,Honda,Accord,1.5T Sport FWD,21421,10358
2014,Honda,Accord,EX-L w/ Nav,12995,51000
2018,Honda,Accord,1.5T EX-L FWD with Navigation,20900,57008
2016,Honda,Accord,Sport,15000,42351
2018,Honda,Accord,2.0T Touring FWD,24900,30333
2018,Honda,Accord,1.5T LX FWD,18999,4884
2016,Honda,Accord,LX,13999,23893
2018,Honda,Accord,2.0T Sport FWD,22717,27874
2017,Honda,Accord,V6 EX-L FWD,19999,21128
2008,Honda,Accord,EX V6,6995,85487
2016,Honda,Accord,LX,14793,3157
2014,Honda,Accord,,8900,120000
2018,Honda,Accord,1.5T Sport FWD,21700,3485
2017,Honda,Accord,EX-L FWD,17995,20700
2017,Honda,Accord,Sport SE FWD,17922,16222
2018,Honda,Accord,1.5T Sport FWD,21421,10358
2014,Honda,Accord,EX-L w/ Nav,12995,51000
2018,Honda,Accord,1.5T EX-L FWD with Navigation,20900,57008
2016,Honda,Accord,Sport,15000,42351
2018,Honda,Accord,2.0T Touring FWD,24900,30333
2018,Honda,Accord,1.5T LX FWD,18999,4884
2016,Honda,Accord,LX,13999,23893
2018,Honda,Accord,2.0T Sport FWD,22717,27874
2017,Honda,Accord,V6 EX-L FWD,19999,21128
2008,Honda,Accord,EX V6,6995,85487
2016,Honda,Accord,LX,14793,3157
2014,Honda,Accord,,8900,120000
2018,Honda,Accord,1.5T Sport FWD,21700,3485
2017,Honda,Accord,EX-L FWD,17995,20700
2017,Honda,Accord,Sport SE FWD,17922,16222
2018,Honda,Accord,1.5T Sport FWD,21421,10358
2014,Honda,Accord,EX-L w/ Nav,12995,51000
2018,Honda,Accord,1.5T EX-L FWD with Navigation,20900,57008
2016,Honda,Accord,Sport,15000,42351
2018,Honda,Accord,2.0T Touring FWD,24900,30333
2018,Honda,Accord,1.5T LX FWD,18999,4884
2016,Honda,Accord,LX,13999,23893
2018,Honda,Accord,2.0T Sport FWD,22717,27874
2017,Honda,Accord,V6 EX-L FWD,19999,21128
2008,Honda,Accord,EX V6,6995,85487
2016,Honda,Accord,LX,14793,3157
2014,Honda,Accord,,8900,120000
2018,Honda,Accord,1.5T Sport FWD,21700,3485
2017,Honda,Accord,EX-L FWD,17995,20700
2017,Honda,Accord,Sport SE FWD,17922,16222
2018,Honda,Accord,1.5T Sport FWD,21421,10358
2014,Honda,Accord,EX-L w/ Nav,12995,51000
2018,Honda,Accord,1.5T EX-L FWD with Navigation,20900,57008
2016,Honda,Accord,Sport,15000,42351
2018,Honda,Accord,2.0T Touring FWD,24900,30333
2018,Honda,Accord,1.5T LX FWD,18999,4884
2016,Honda,Accord,LX,13999,23893
2018,Honda,Accord,2.0T Sport FWD,22717,27874
2017,Honda,Accord,V6 EX-L FWD,19999,21128
2008,Honda,Accord,EX V6,6995,85487
2016,Honda,Accord,LX,14793,3157
2014,Honda,Accord,,8900,120000
2018,Honda,Accord,1.5T Sport FWD,21700,3485
2017,Honda,Accord,EX-L FWD,17995,20700
2017,Honda,Accord,Sport SE FWD,17922,16222
2018,Honda,Accord,1.5T Sport FWD,21421,10358
2014,Honda,Accord,EX-L w/ Nav,12995,51000
2018,Honda,Accord,1.5T EX-L FWD with Navigation,20900,57008
2016,Honda,Accord,Sport,15000,42351
2018,Honda,Accord,2.0T Touring FWD,24900,30333
2018,Honda,Accord,1.5T LX FWD,18999,4884
2016,Honda,Accord,LX,13999,23893
2018,Honda,Accord,2.0T Sport FWD,22717,27874
2017,Honda,Accord,V6 EX-L FWD,19999,21128
2008,Honda,Accord,EX V6,6995,85487
2016,Honda,Accord,LX,14793,3157
2014,Honda,Accord,,8900,120000
2018,Honda,Accord,1.5T Sport FWD,21700,3485
2017,Honda,Accord,EX-L FWD,17995,20700
2017,Honda,Accord,Sport SE FWD,17922,16222
2018,Honda,Accord,1.5T Sport FWD,21421,10358
2014,Honda,Accord,EX-L w/ Nav,12995,51000
2018,Honda,Accord,1.5T EX-L FWD with Navigation,20900,57008
2016,Honda,Accord,Sport,15000,42351
2018,Honda,Accord,2.0T Touring FWD,24900,30333
2018,Honda,Accord,1.5T LX FWD,18999,4884
2016,Honda,Accord,LX,13999,23893
2018,Honda,Accord,2.0T Sport FWD,22717,27874
2017,Honda,Accord,V6 EX-L FWD,19999,21128
2008,Honda,Accord,EX V6,6995,85487
2016,Honda,Accord,LX,14793,3157
2014,Honda,Accord,,8900,120000
2018,Honda,Accord,1.5T Sport FWD,21700,3485
2017,Honda,Accord,EX-L FWD,17995,20700
2017,Honda,Accord,Sport SE FWD,17922,16222
2018,Honda,Accord,1.5T Sport FWD,21421,10358
2014,Honda,Accord,EX-L w/ Nav,12995,51000
2018,Honda,Accord,1.5T EX-L FWD with Navigation,20900,57008
2016,Honda,Accord,Sport,15000,42351
2018,Honda,Accord,2.0T Touring FWD,24900,30333
2018,Honda,Accord,1.5T LX FWD,18999,4884
2016,Honda,Accord,LX,13999,23893
2018,Honda,Accord,2.0T Sport FWD,22717,27874
2017,Honda,Accord,V6 EX-L FWD,19999,21128
2008,Honda,Accord,EX V6,6995,85487
2016,Honda,Accord,LX,14793,3157
2014,Honda,Accord,,8900,120000
2018,Honda,Accord,1.5T Sport FWD,21700,3485
2017,Honda,Accord,EX-L FWD,17995,20700
2017,Honda,Accord,Sport SE FWD,17922,16222
2018,Honda,Accord,1.5T Sport FWD,21421,10358
2014,Honda,Accord,EX-L w/ Nav,12995,51000
2018,Honda,Accord,1.5T EX-L FWD with Navigation,20900,57008
2016,Honda,Accord,Sport,15000,42351
2018,Honda,Accord,2.0T Touring FWD,24900,30333
2018,Honda,Accord,1.5T LX FWD,18999,4884
2016,Honda,Accord,LX,13999,23893
2018,Honda,Accord,2.0T Sport FWD,22717,27874
2017,Honda,Accord,V6 EX-L FWD,19999,21128
2008,Honda,Accord,EX V6,6995,85487
2016,Honda,Accord,LX,14793,3157
2014,Honda,Accord,,8900,120000
2018,Honda,Accord,1.5T Sport FWD,21700,3485
2017,Honda,Accord,EX-L FWD,17995,20700
2017,Honda,Accord,Sport SE FWD,17922,16222
2018,Honda,Accord,1.5T Sport FWD,21421,10358
2014,Honda,Accord,EX-L w/ Nav,12995,51000
2018,Honda,Accord,1.5T EX-L FWD with Navigation,20900,57008
2016,Honda,Accord,Sport,15000,42351
2018,Honda,Accord,2.0T Touring FWD,24900,30333
2018,Honda,Accord,1.5T LX FWD,18999,4884
2016,Honda,Accord,LX,13999,23893
2018,Honda,Accord,2.0T Sport FWD,22717,27874
2017,Honda,Accord,V6 EX-L FWD,19999,21128
2008,Honda,Accord,EX V6,6995,85487
2016,Honda,Accord,LX,14793,3157
2014,Honda,Accord,,8900,120000
2018,Honda,Accord,1.5T Sport FWD,21700,3485
2017,Honda,Accord,EX-L FWD,17995,20700
2017,Honda,Accord,Sport SE FWD,17922,16222
2018,Honda,Accord,1.5T Sport FWD,21421,10358
2014,Honda,Accord,EX-L w/ Nav,12995,51000
2018,Honda,Accord,1.5T EX-L FWD with Navigation,20900,57008
2016,Honda,Accord,Sport,15000,42351
2018,Honda,Accord,2.0T Touring FWD,24900,30333
2018,Honda,Accord,1.5T LX FWD,18999,4884
2016,Honda,Accord,LX,13999,23893
2018,Honda,Accord,2.0T Sport FWD,22717,27874
2017,Honda,Accord,V6 EX-L FWD,19999,21128
2008,Honda,Accord,EX V6,6995,85487
2016,Honda,Accord,LX,14793,3157
2014,Honda,Accord,,8900,120000
2018,Honda,Accord,1.5T Sport FWD,21700,3485
2017,Honda,Accord,EX-L FWD,17995,20700
2017,Honda,Accord,Sport SE FWD,17922,16222
2018,Honda,Accord,1.5T Sport FWD,21421,10358
2014,Honda,Accord,EX-L w/ Nav,12995,51000
2018,Honda,Accord,1.5T EX-L FWD with Navigation,20900,57008
2016,Honda,Accord,Sport,15000,42351
2018,Honda,Accord,2.0T Touring FWD,24900,30333
2018,Honda,Accord,1.5T LX FWD,18999,4884
2016,Honda,Accord,LX,13999,23893
2018,Honda,Accord,2.0T Sport FWD,22717,27874
2017,Honda,Accord,V6 EX-L FWD,19999,21128
2008,Honda,Accord,EX V6,6995,85487
2016,Honda,Accord,LX,14793,3157
2014,Honda,Accord,,8900,120000
2018,Honda,Accord,1.5T Sport FWD,21700,3485
2017,Honda,Accord,EX-L FWD,17995,20700
2017,Honda,Accord,Sport SE FWD,17922,16222
2018,Honda,Accord,1.5T Sport FWD,21421,10358
2014,Honda,Accord,EX-L w/ Nav,12995,51000
2018,Honda,Accord,1.5T EX-L FWD with Navigation,20900,57008
2016,Honda,Accord,Sport,15000,42351
2018,Honda,Accord,2.0T Touring FWD,24900,30333
2018,Honda,Accord,1.5T LX FWD,18999,4884
2016,Honda,Accord,LX,13999,23893
2018,Honda,Accord,2.0T Sport FWD,22717,27874
2017,Honda,Accord,V6 EX-L FWD,19999,21128
2008,Honda,Accord,EX V6,6995,85487
2016,Honda,Accord,LX,14793,3157
2014,Honda,Accord,,8900,120000
2018,Honda,Accord,1.5T Sport FWD,21700,3485
2017,Honda,Accord,EX-L FWD,17995,20700
2017,Honda,Accord,Sport SE FWD,17922,16222
2018,Honda,Accord,1.5T Sport FWD,21421,10358
2014,Honda,Accord,EX-L w/ Nav,12995,51000
2018,Honda,Accord,1.5T EX-L FWD with Navigation,20900,57008
2016,Honda,Accord,Sport,15000,42351
2018,Honda,Accord,2.0T Touring FWD,24900,30333
2018,Honda,Accord,1.5T LX FWD,18999,4884
2016,Honda,Accord,LX,13999,23893
2018,Honda,Accord,2.0T Sport FWD,22717,27874
2017,Honda,Accord,V6 EX-L FWD,19999,21128
2008,Honda,Accord,EX V6,6995,85487
2016,Honda,Accord,LX,14793,3157
2014,Honda,Accord,,8900,120000
2018,Honda,Accord,1.5T Sport FWD,21700,3485
2017,Honda,Accord,EX-L FWD,17995,20700
2017,Honda,Accord,Sport SE FWD,17922,16222
2018,Honda,Accord,1.5T Sport FWD,21421,10358
2014,Honda,Accord,EX-L w/ Nav,12995,51000
2018,Honda,Accord,1.5T EX-L FWD with Navigation,20900,57008
2016,Honda,Accord,Sport,15000,42351
2018,Honda,Accord,2.0T Touring FWD,24900,30333
2018,Honda,Accord,1.5T LX FWD,18999,4884
2016,Honda,Accord,LX,13999,23893
2018,Honda,Accord,2.0T Sport FWD,22717,27874
2017,Honda,Accord,V6 EX-L FWD,19999,21128
2008,Honda,Accord,EX V6,6995,85487
2016,Honda,Accord,LX,14793,3157
2014,Honda,Accord,,8900,120000
2018,Honda,Accord,1.5T Sport FWD,21700,3485
2017,Honda,Accord,EX-L FWD,17995,20700
2017,Honda,Accord,Sport SE FWD,17922,16222
2018,Honda,Accord,1.5T Sport FWD,21421,10358
2014,Honda,Accord,EX-L w/ Nav,12995,51000
2018,Honda,Accord,1.5T EX-L FWD with Navigation,20900,57008
2016,Honda,Accord,Sport,15000,42351
2018,Honda,Accord,2.0T Touring FWD,24900,30333
2018,Honda,Accord,1.5T LX FWD,18999,4884
2016,Honda,Accord,LX,13999,23893
2018,Honda,Accord,2.0T Sport FWD,22717,27874
2017,Honda,Accord,V6 EX-L FWD,19999,21128
2008,Honda,Accord,EX V6,6995,85487
2016,Honda,Accord,LX,14793,3157
2014,Honda,Accord,,8900,120000
2018,Honda,Accord,1.5T Sport FWD,21700,3485
2017,Honda,Accord,EX-L FWD,17995,20700
2017,Honda,Accord,Sport SE FWD,17922,16222
2018,Honda,Accord,1.5T Sport FWD,21421,10358
2014,Honda,Accord,EX-L w/ Nav,12995,51000
2018,Honda,Accord,1.5T EX-L FWD with Navigation,20900,57008
2016,Honda,Accord,Sport,15000,42351
2018,Honda,Accord,2.0T Touring FWD,24900,30333
2018,Honda,Accord,1.5T LX FWD,18999,4884
2016,Honda,Accord,LX,13999,23893
2018,Honda,Accord,2.0T Sport FWD,22717,27874
2017,Honda,Accord,V6 EX-L FWD,19999,21128
2008,Honda,Accord,EX V6,6995,85487
2016,Honda,Accord,LX,14793,3157
2014,Honda,Accord,,8900,120000
2018,Honda,Accord,1.5T Sport FWD,21700,3485
2017,Honda,Accord,EX-L FWD,17995,20700
2017,Honda,Accord,Sport SE FWD,17922,16222
2018,Honda,Accord,1.5T Sport FWD,21421,10358
2014,Honda,Accord,EX-L w/ Nav,12995,51000
2018,Honda,Accord,1.5T EX-L FWD with Navigation,20900,57008
2016,Honda,Accord,Sport,15000,42351
2018,Honda,Accord,2.0T Touring FWD,24900,30333
2018,Honda,Accord,1.5T LX FWD,18999,4884
2016,Honda,Accord,LX,13999,23893
2018,Honda,Accord,2.0T Sport FWD,22717,27874
2017,Honda,Accord,V6 EX-L FWD,19999,21128
2008,Honda,Accord,EX V6,6995,85487
2016,Honda,Accord,LX,14793,3157
2014,Honda,Accord,,8900,120000
2018,Honda,Accord,1.5T Sport FWD,21700,3485
2017,Honda,Accord,EX-L FWD,17995,20700
2017,Honda,Accord,Sport SE FWD,17922,16222
2018,Honda,Accord,1.5T Sport FWD,21421,10358
2014,Honda,Accord,EX-L w/ Nav,12995,51000
2018,Honda,Accord,1.5T EX-L FWD with Navigation,20900,57008
2016,Honda,Accord,Sport,15000,42351
2018,Honda,Accord,2.0T Touring FWD,24900,30333
2018,Honda,Accord,1.5T LX FWD,18999,4884
2016,Honda,Accord,LX,13999,23893
2018,Honda,Accord,2.0T Sport FWD,22717,27874
2017,Honda,Accord,V6 EX-L FWD,19999,21128
2008,Honda,Accord,EX V6,6995,85487
2016,Honda,Accord,LX,14793,3157
2014,Honda,Accord,,8900,120000
2018,Honda,Accord,1.5T Sport FWD,21700,3485
2017,Honda,Accord,EX-L FWD,17995,20700
2017,Honda,Accord,Sport SE FWD,17922,16222
2018,Honda,Accord,1.5T Sport FWD,21421,10358
2014,Honda,Accord,EX-L w/ Nav,12995,51000
2018,Honda,Accord,1.5T EX-L FWD with Navigation,20900,57008
2016,Honda,Accord,Sport,15000,42351
2018,Honda,Accord,2.0T Touring FWD,24900,30333
2018,Honda,Accord,1.5T LX FWD,18999,4884
2016,Honda,Accord,LX,13999,23893
2018,Honda,Accord,2.0T Sport FWD,22717,27874
2017,Honda,Accord,V6 EX-L FWD,19999,21128
2008,Honda,Accord,EX V6,6995,85487
2016,Honda,Accord,LX,14793,3157
2014,Honda,Accord,,8900,120000
2018,Honda,Accord,1.5T Sport FWD,21700,3485
2017,Honda,Accord,EX-L FWD,17995,20700
2017,Honda,Accord,Sport SE FWD,17922,16222
2018,Honda,Accord,1.5T Sport FWD,21421,10358
2014,Honda,Accord,EX-L w/ Nav,12995,51000
2018,Honda,Accord,1.5T EX-L FWD with Navigation,20900,57008
2016,Honda,Accord,Sport,15000,42351
2018,Honda,Accord,2.0T Touring FWD,24900,30333
2018,Honda,Accord,1.5T LX FWD,18999,4884
2016,Honda,Accord,LX,13999,23893
2018,Honda,Accord,2.0T Sport FWD,22717,27874
2017,Honda,Accord,V6 EX-L FWD,19999,21128
2008,Honda,Accord,EX V6,6995,85487
2016,Honda,Accord,LX,14793,3157
2014,Honda,Accord,,8900,120000
2018,Honda,Accord,1.5T Sport FWD,21700,3485
2017,Honda,Accord,EX-L FWD,17995,20700
2017,Honda,Accord,Sport SE FWD,17922,16222
2018,Honda,Accord,1.5T Sport FWD,21421,10358
2014,Honda,Accord,EX-L w/ Nav,12995,51000
2018,Honda,Accord,1.5T EX-L FWD with Navigation,20900,57008
2016,Honda,Accord,Sport,15000,42351
2018,Honda,Accord,2.0T Touring FWD,24900,30333
2018,Honda,Accord,1.5T LX FWD,18999,4884
2016,Honda,Accord,LX,13999,23893
2018,Honda,Accord,2.0T Sport FWD,22717,27874
2017,Honda,Accord,V6 EX-L FWD,19999,21128
2008,Honda,Accord,EX V6,6995,85487
2016,Honda,Accord,LX,14793,3157
2014,Honda,Accord,,8900,120000
2018,Honda,Accord,1.5T Sport FWD,21700,3485
2017,Honda,Accord,EX-L FWD,17995,20700
2017,Honda,Accord,Sport SE FWD,17922,16222
2018,Honda,Accord,1.5T Sport FWD,21421,10358
2014,Honda,Accord,EX-L w/ Nav,12995,51000
2018,Honda,Accord,1.5T EX-L FWD with Navigation,20900,57008
2016,Honda,Accord,Sport,15000,42351
2018,Honda,Accord,2.0T Touring FWD,24900,30333
2018,Honda,Accord,1.5T LX FWD,18999,4884
2016,Honda,Accord,LX,13999,23893
2018,Honda,Accord,2.0T Sport FWD,22717,27874
2017,Honda,Accord,V6 EX-L FWD,19999,21128
2008,Honda,Accord,EX V6,6995,85487
2016,Honda,Accord,LX,14793,3157
2014,Honda,Accord,,8900,120000
2018,Honda,Accord,1.5T Sport FWD,21700,3485
2017,Honda,Accord,EX-L FWD,17995,20700
2017,Honda,Accord,Sport SE FWD,17922,16222
2018,Honda,Accord,1.5T Sport FWD,21421,10358
2014,Honda,Accord,EX-L w/ Nav,12995,51000
2018,Honda,Accord,1.5T EX-L FWD with Navigation,20900,57008
2016,Honda,Accord,Sport,15000,42351
2018,Honda,Accord,2.0T Touring FWD,24900,30333
2018,Honda,Accord,1.5T LX FWD,18999,4884
2016,Honda,Accord,LX,13999,23893
2018,Honda,Accord,2.0T Sport FWD,22717,27874
2017,Honda,Accord,V6 EX-L FWD,19999,21128
2008,Honda,Accord,EX V6,6995,85487
2016,Honda,Accord,LX,14793,3157
2014,Honda,Accord,,8900,120000
2018,Honda,Accord,1.5T Sport FWD,21700,3485
2017,Honda,Accord,EX-L FWD,17995,20700
2017,Honda,Accord,Sport SE FWD,17922,16222
2018,Honda,Accord,1.5T Sport FWD,21421,10358
2014,Honda,Accord,EX-L w/ Nav,12995,51000
2018,Honda,Accord,1.5T EX-L FWD with Navigation,20900,57008
2016,Honda,Accord,Sport,15000,42351
2018,Honda,Accord,2.0T Touring FWD,24900,30333
2018,Honda,Accord,1.5T LX FWD,18999,4884
2016,Honda,Accord,LX,13999,23893
2018,Honda,Accord,2.0T Sport FWD,22717,27874
2017,Honda,Accord,V6 EX-L FWD,19999,21128
2008,Honda,Accord,EX V6,6995,85487
2016,Honda,Accord,LX,14793,3157
2014,Honda,Accord,,8900,120000
2018,Honda,Accord,1.5T Sport FWD,21700,3485
2017,Honda,Accord,EX-L FWD,17995,20700
2017,Honda,Accord,Sport SE FWD,17922,16222
2018,Honda,Accord,1.5T Sport FWD,21421,10358
2014,Honda,Accord,EX-L w/ Nav,12995,51000
2018,Honda,Accord,1.5T EX-L FWD with Navigation,20900,57008
2016,Honda,Accord,Sport,15000,42351
2018,Honda,Accord,2.0T Touring FWD,24900,30333
2018,Honda,Accord,1.5T LX FWD,18999,4884
2016,Honda,Accord,LX,13999,23893
2018,Honda,Accord,2.0T Sport FWD,22717,27874
2017,Honda,Accord,V6 EX-L FWD,19999,21128
2008,Honda,Accord,EX V6,6995,85487
2016,Honda,Accord,LX,14793,3157
2014,Honda,Accord,,8900,120000
2018,Honda,Accord,1.5T Sport FWD,21700,3485
2017,Honda,Accord,EX-L FWD,17995,20700
2017,Honda,Accord,Sport SE FWD,17922,16222
2018,Honda,Accord,1.5T Sport FWD,21421,10358
2014,Honda,Accord,EX-L w/ Nav,12995,51000
2018,Honda,Accord,1.5T EX-L FWD with Navigation,20900,57008
2016,Honda,Accord,Sport,15000,42351
2018,Honda,Accord,2.0T Touring FWD,24900,30333
2018,Honda,Accord,1.5T LX FWD,18999,4884
2016,Honda,Accord,LX,13999,23893
2018,Honda,Accord,2.0T Sport FWD,22717,27874
2017,Honda,Accord,V6 EX-L FWD,19999,21128
2008,Honda,Accord,EX V6,6995,85487
2016,Honda,Accord,LX,14793,3157
2014,Honda,Accord,,8900,120000
2018,Honda,Accord,1.5T Sport FWD,21700,3485
2017,Honda,Accord,EX-L FWD,17995,20700
2017,Honda,Accord,Sport SE FWD,17922,16222
2018,Honda,Accord,1.5T Sport FWD,21421,10358
2014,Honda,Accord,EX-L w/ Nav,12995,51000
2018,Honda,Accord,1.5T EX-L FWD with Navigation,20900,57008
2016,Honda,Accord,Sport,15000,42351
2018,Honda,Accord,2.0T Touring FWD,24900,30333
2018,Honda,Accord,1.5T LX FWD,18999,4884
2016,Honda,Accord,LX,13999,23893
2018,Honda,Accord,2.0T Sport FWD,22717,27874
2017,Honda,Accord,V6 EX-L FWD,19999,21128
2008,Honda,Accord,EX V6,6995,85487
2016,Honda,Accord,LX,14793,3157
2014,Honda,Accord,,8900,120000
2018,Honda,Accord,1.5T Sport FWD,21700,3485
2017,Honda,Accord,EX-L FWD,17995,20700
2017,Honda,Accord,Sport SE FWD,17922,16222
2018,Honda,Accord,1.5T Sport FWD,21421,10358
2014,Honda,Accord,EX-L w/ Nav,12995,51000
2018,Honda,Accord,1.5T EX-L FWD with Navigation,20900,57008
2016,Honda,Accord,Sport,15000,42351
2018,Honda,Accord,2.0T Touring FWD,24900,30333
2018,Honda,Accord,1.5T LX FWD,18999,4884
2016,Honda,Accord,LX,13999,23893
2018,Honda,Accord,2.0T Sport FWD,22717,27874
2017,Honda,Accord,V6 EX-L FWD,19999,21128
2008,Honda,Accord,EX V6,6995,85487
2016,Honda,Accord,LX,14793,3157
2014,Honda,Accord,,8900,120000
2018,Honda,Accord,1.5T Sport FWD,21700,3485
2017,Honda,Accord,EX-L FWD,17995,20700
2017,Honda,Accord,Sport SE FWD,17922,16222
2018,Honda,Accord,1.5T Sport FWD,21421,10358
2014,Honda,Accord,EX-L w/ Nav,12995,51000
2018,Honda,Accord,1.5T EX-L FWD with Navigation,20900,57008
2016,Honda,Accord,Sport,15000,42351
2018,Honda,Accord,2.0T Touring FWD,24900,30333
2018,Honda,Accord,1.5T LX FWD,18999,4884
2016,Honda,Accord,LX,13999,23893
2018,Honda,Accord,2.0T Sport FWD,22717,27874
2017,Honda,Accord,V6 EX-L FWD,19999,21128
2008,Honda,Accord,EX V6,6995,85487
2016,Honda,Accord,LX,14793,3157
2014,Honda,Accord,,8900,120000
2018,Honda,Accord,1.5T Sport FWD,21700,3485
2017,Honda,Accord,EX-L FWD,17995,20700
2017,Honda,Accord,Sport SE FWD,17922,16222
2018,Honda,Accord,1.5T Sport FWD,21421,10358
2014,Honda,Accord,EX-L w/ Nav,12995,51000
2018,Honda,Accord,1.5T EX-L FWD with Navigation,20900,57008
2016,Honda,Accord,Sport,15000,42351
2018,Honda,Accord,2.0T Touring FWD,24900,30333
2018,Honda,Accord,1.5T LX FWD,18999,4884
2016,Honda,Accord,LX,13999,23893
2018,Honda,Accord,2.0T Sport FWD,22717,27874
2017,Honda,Accord,V6 EX-L FWD,19999,21128
2008,Honda,Accord,EX V6,6995,85487
2016,Honda,Accord,LX,14793,3157
2014,Honda,Accord,,8900,120000
2018,Honda,Accord,1.5T Sport FWD,21700,3485
2017,Honda,Accord,EX-L FWD,17995,20700
2017,Honda,Accord,Sport SE FWD,17922,16222
2018,Honda,Accord,1.5T Sport FWD,21421,10358
2014,Honda,Accord,EX-L w/ Nav,12995,51000
2018,Honda,Accord,1.5T EX-L FWD with Navigation,20900,57008
2016,Honda,Accord,Sport,15000,42351
2018,Honda,Accord,2.0T Touring FWD,24900,30333
2018,Honda,Accord,1.5T LX FWD,18999,4884
2016,Honda,Accord,LX,13999,23893
2018,Honda,Accord,2.0T Sport FWD,22717,27874
2017,Honda,Accord,V6 EX-L FWD,19999,21128
2008,Honda,Accord,EX V6,6995,85487
2016,Honda,Accord,LX,14793,3157
2014,Honda,Accord,,8900,120000
2018,Honda,Accord,1.5T Sport FWD,21700,3485
2017,Honda,Accord,EX-L FWD,17995,20700
2017,Honda,Accord,Sport SE FWD,17922,16222
2018,Honda,Accord,1.5T Sport FWD,21421,10358
2014,Honda,Accord,EX-L w/ Nav,12995,51000
2018,Honda,Accord,1.5T EX-L FWD with Navigation,20900,57008
2016,Honda,Accord,Sport,15000,42351
2018,Honda,Accord,2.0T Touring FWD,24900,30333
2018,Honda,Accord,1.5T LX FWD,18999,4884
2016,Honda,Accord,LX,13999,23893
2018,Honda,Accord,2.0T Sport FWD,22717,27874
2017,Honda,Accord,V6 EX-L FWD,19999,21128
2008,Honda,Accord,EX V6,6995,85487
2016,Honda,Accord,LX,14793,3157
2014,Honda,Accord,,8900,120000
2018,Honda,Accord,1.5T Sport FWD,21700,3485
2017,Honda,Accord,EX-L FWD,17995,20700
2017,Honda,Accord,Sport SE FWD,17922,16222
2018,Honda,Accord,1.5T Sport FWD,21421,10358
2014,Honda,Accord,EX-L w/ Nav,12995,51000
2018,Honda,Accord,1.5T EX-L FWD with Navigation,20900,57008
2016,Honda,Accord,Sport,15000,42351
2018,Honda,Accord,2.0T Touring FWD,24900,30333
2018,Honda,Accord,1.5T LX FWD,18999,4884
2016,Honda,Accord,LX,13999,23893
2018,Honda,Accord,2.0T Sport FWD,22717,27874
2017,Honda,Accord,V6 EX-L FWD,19999,21128
2008,Honda,Accord,EX V6,6995,85487
2016,Honda,Accord,LX,14793,3157
2014,Honda,Accord,,8900,120000
2018,Honda,Accord,1.5T Sport FWD,21700,3485
2017,Honda,Accord,EX-L FWD,17995,20700
2017,Honda,Accord,Sport SE FWD,17922,16222
2018,Honda,Accord,1.5T Sport FWD,21421,10358
2014,Honda,Accord,EX-L w/ Nav,12995,51000
2018,Honda,Accord,1.5T EX-L FWD with Navigation,20900,57008
2016,Honda,Accord,Sport,15000,42351
2018,Honda,Accord,2.0T Touring FWD,24900,30333
2018,Honda,Accord,1.5T LX FWD,18999,4884
2016,Honda,Accord,LX,13999,23893
2018,Honda,Accord,2.0T Sport FWD,22717,27874
2017,Honda,Accord,V6 EX-L FWD,19999,21128
2008,Honda,Accord,EX V6,6995,85487
2016,Honda,Accord,LX,14793,3157
2014,Honda,Accord,,8900,120000
2018,Honda,Accord,1.5T Sport FWD,21700,3485
2017,Honda,Accord,EX-L FWD,17995,20700
2017,Honda,Accord,Sport SE FWD,17922,16222
2018,Honda,Accord,1.5T Sport FWD,21421,10358
2014,Honda,Accord,EX-L w/ Nav,12995,51000
2018,Honda,Accord,1.5T EX-L FWD with Navigation,20900,57008
2016,Honda,Accord,Sport,15000,42351
2018,Honda,Accord,2.0T Touring FWD,24900,30333
2018,Honda,Accord,1.5T LX FWD,18999,4884
2016,Honda,Accord,LX,13999,23893
2018,Honda,Accord,2.0T Sport FWD,22717,27874
2017,Honda,Accord,V6 EX-L FWD,19999,21128
2008,Honda,Accord,EX V6,6995,85487
2016,Honda,Accord,LX,14793,3157
2014,Honda,Accord,,8900,120000
2018,Honda,Accord,1.5T Sport FWD,21700,3485
2017,Honda,Accord,EX-L FWD,17995,20700
2017,Honda,Accord,Sport SE FWD,17922,16222
2018,Honda,Accord,1.5T Sport FWD,21421,10358
2014,Honda,Accord,EX-L w/ Nav,12995,51000
2018,Honda,Accord,1.5T EX-L FWD with Navigation,20900,57008
2016,Honda,Accord,Sport,15000,42351
2018,Honda,Accord,2.0T Touring FWD,24900,30333
2018,Honda,Accord,1.5T LX FWD,18999,4884
2016,Honda,Accord,LX,13999,23893
2018,Honda,Accord,2.0T Sport FWD,22717,27874
2017,Honda,Accord,V6 EX-L FWD,19999,21128
2008,Honda,Accord,EX V6,6995,85487
2016,Honda,Accord,LX,14793,3157
2014,Honda,Accord,,8900,120000
2018,Honda,Accord,1.5T Sport FWD,21700,3485
2017,Honda,Accord,EX-L FWD,17995,20700
2017,Honda,Accord,Sport SE FWD,17922,16222
2018,Honda,Accord,1.5T Sport FWD,21421,10358
2014,Honda,Accord,EX-L w/ Nav,12995,51000
2018,Honda,Accord,1.5T EX-L FWD with Navigation,20900,57008
2016,Honda,Accord,Sport,15000,42351
2018,Honda,Accord,2.0T Touring FWD,24900,30333
2018,Honda,Accord,1.5T LX FWD,18999,4884
2016,Honda,Accord,LX,13999,23893
2018,Honda,Accord,2.0T Sport FWD,22717,27874
2017,Honda,Accord,V6 EX-L FWD,19999,21128
2008,Honda,Accord,EX V6,6995,85487
2016,Honda,Accord,LX,14793,3157
2014,Honda,Accord,,8900,120000
2018,Honda,Accord,1.5T Sport FWD,21700,3485
2017,Honda,Accord,EX-L FWD,17995,20700
2017,Honda,Accord,Sport SE FWD,17922,16222
2018,Honda,Accord,1.5T Sport FWD,21421,10358
2014,Honda,Accord,EX-L w/ Nav,12995,51000
2018,Honda,Accord,1.5T EX-L FWD with Navigation,20900,57008
2016,Honda,Accord,Sport,15000,42351
2018,Honda,Accord,2.0T Touring FWD,24900,30333
2018,Honda,Accord,1.5T LX FWD,18999,4884
2016,Honda,Accord,LX,13999,23893
2018,Honda,Accord,2.0T Sport FWD,22717,27874
2017,Honda,Accord,V6 EX-L FWD,19999,21128
2008,Honda,Accord,EX V6,6995,85487
2016,Honda,Accord,LX,14793,3157
2014,Honda,Accord,,8900,120000
2018,Honda,Accord,1.5T Sport FWD,21700,3485
2017,Honda,Accord,EX-L FWD,17995,20700
2017,Honda,Accord,Sport SE FWD,17922,16222
2018,Honda,Accord,1.5T Sport FWD,21421,10358
2014,Honda,Accord,EX-L w/ Nav,12995,51000
2018,Honda,Accord,1.5T EX-L FWD with Navigation,20900,57008
2016,Honda,Accord,Sport,15000,42351
2018,Honda,Accord,2.0T Touring FWD,24900,30333
2018,Honda,Accord,1.5T LX FWD,18999,4884
2016,Honda,Accord,LX,13999,23893
2018,Honda,Accord,2.0T Sport FWD,22717,27874
2017,Honda,Accord,V6 EX-L FWD,19999,21128
2008,Honda,Accord,EX V6,6995,85487
2016,Honda,Accord,LX,14793,3157
2014,Honda,Accord,,8900,120000
2018,Honda,Accord,1.5T Sport FWD,21700,3485
2017,Honda,Accord,EX-L FWD,17995,20700
2017,Honda,Accord,Sport SE FWD,17922,16222
2018,Honda,Accord,1.5T Sport FWD,21421,10358
2014,Honda,Accord,EX-L w/ Nav,12995,51000
2018,Honda,Accord,1.5T EX-L FWD with Navigation,20900,57008
2016,Honda,Accord,Sport,15000,42351
2018,Honda,Accord,2.0T Touring FWD,24900,30333
2018,Honda,Accord,1.5T LX FWD,18999,4884
2016,Honda,Accord,LX,13999,23893
2018,Honda,Accord,2.0T Sport FWD,22717,27874
2017,Honda,Accord,V6 EX-L FWD,19999,21128
2008,Honda,Accord,EX V6,6995,85487
2016,Honda,Accord,LX,14793,3157
2014,Honda,Accord,,8900,120000
2018,Honda,Accord,1.5T Sport FWD,21700,3485
2017,Honda,Accord,EX-L FWD,17995,20700
2017,Honda,Accord,Sport SE FWD,17922,16222
2018,Honda,Accord,1.5T Sport FWD,21421,10358
2014,Honda,Accord,EX-L w/ Nav,12995,51000
2018,Honda,Accord,1.5T EX-L FWD with Navigation,20900,57008
2016,Honda,Accord,Sport,15000,42351
2018,Honda,Accord,2.0T Touring FWD,24900,30333
2018,Honda,Accord,1.5T LX FWD,18999,4884
2016,Honda,Accord,LX,13999,23893
2018,Honda,Accord,2.0T Sport FWD,22717,27874
2017,Honda,Accord,V6 EX-L FWD,19999,21128
2008,Honda,Accord,EX V6,6995,85487
2016,Honda,Accord,LX,14793,3157
2014,Honda,Accord,,8900,120000
2018,Honda,Accord,1.5T Sport FWD,21700,3485
2017,Honda,Accord,EX-L FWD,17995,20700
2017,Honda,Accord,Sport SE FWD,17922,16222
2018,Honda,Accord,1.5T Sport FWD,21421,10358
2014,Honda,Accord,EX-L w/ Nav,12995,51000
2018,Honda,Accord,1.5T EX-L FWD with Navigation,20900,57008
2016,Honda,Accord,Sport,15000,42351
2018,Honda,Accord,2.0T Touring FWD,24900,30333
2018,Honda,Accord,1.5T LX FWD,18999,4884
2016,Honda,Accord,LX,13999,23893
2018,Honda,Accord,2.0T Sport FWD,22717,27874
2017,Honda,Accord,V6 EX-L FWD,19999,21128
2008,Honda,Accord,EX V6,6995,85487
2016,Honda,Accord,LX,14793,3157
2014,Honda,Accord,,8900,120000
2018,Honda,Accord,1.5T Sport FWD,21700,3485
2017,Honda,Accord,EX-L FWD,17995,20700
2017,Honda,Accord,Sport SE FWD,17922,16222
2018,Honda,Accord,1.5T Sport FWD,21421,10358
2014,Honda,Accord,EX-L w/ Nav,12995,51000
2018,Honda,Accord,1.5T EX-L FWD with Navigation,20900,57008
2016,Honda,Accord,Sport,15000,42351
2018,Honda,Accord,2.0T Touring FWD,24900,30333
2018,Honda,Accord,1.5T LX FWD,18999,4884
2016,Honda,Accord,LX,13999,23893
2018,Honda,Accord,2.0T Sport FWD,22717,27874
2017,Honda,Accord,V6 EX-L FWD,19999,21128
2008,Honda,Accord,EX V6,6995,85487
2016,Honda,Accord,LX,14793,3157
2014,Honda,Accord,,8900,120000
2018,Honda,Accord,1.5T Sport FWD,21700,3485
2017,Honda,Accord,EX-L FWD,17995,20700
2017,Honda,Accord,Sport SE FWD,17922,16222
2018,Honda,Accord,1.5T Sport FWD,21421,10358
2014,Honda,Accord,EX-L w/ Nav,12995,51000
2018,Honda,Accord,1.5T EX-L FWD with Navigation,20900,57008
2016,Honda,Accord,Sport,15000,42351
2018,Honda,Accord,2.0T Touring FWD,24900,30333
2018,Honda,Accord,1.5T LX FWD,18999,4884
2016,Honda,Accord,LX,13999,23893
2018,Honda,Accord,2.0T Sport FWD,22717,27874
2017,Honda,Accord,V6 EX-L FWD,19999,21128
2008,Honda,Accord,EX V6,6995,85487
2016,Honda,Accord,LX,14793,3157
2014,Honda,Accord,,8900,120000
2018,Honda,Accord,1.5T Sport FWD,21700,3485
2017,Honda,Accord,EX-L FWD,17995,20700
2017,Honda,Accord,Sport SE FWD,17922,16222
2018,Honda,Accord,1.5T Sport FWD,21421,10358
2014,Honda,Accord,EX-L w/ Nav,12995,51000
2018,Honda,Accord,1.5T EX-L FWD with Navigation,20900,57008
2016,Honda,Accord,Sport,15000,42351
2018,Honda,Accord,2.0T Touring FWD,24900,30333
2018,Honda,Accord,1.5T LX FWD,18999,4884
2016,Honda,Accord,LX,13999,23893
2018,Honda,Accord,2.0T Sport FWD,22717,27874
2017,Honda,Accord,V6 EX-L FWD,19999,21128
2008,Honda,Accord,EX V6,6995,85487
2016,Honda,Accord,LX,14793,3157
2014,Honda,Accord,,8900,120000
2018,Honda,Accord,1.5T Sport FWD,21700,3485
2017,Honda,Accord,EX-L FWD,17995,20700
2017,Honda,Accord,Sport SE FWD,17922,16222
2018,Honda,Accord,1.5T Sport FWD,21421,10358
2014,Honda,Accord,EX-L w/ Nav,12995,51000
2018,Honda,Accord,1.5T EX-L FWD with Navigation,20900,57008
2016,Honda,Accord,Sport,15000,42351
2018,Honda,Accord,2.0T Touring FWD,24900,30333
2018,Honda,Accord,1.5T LX FWD,18999,4884
2016,Honda,Accord,LX,13999,23893
2018,Honda,Accord,2.0T Sport FWD,22717,27874
2017,Honda,Accord,V6 EX-L FWD,19999,21128
2008,Honda,Accord,EX V6,6995,85487
2016,Honda,Accord,LX,14793,3157
2014,Honda,Accord,,8900,120000
2018,Honda,Accord,1.5T Sport FWD,21700,3485
2017,Honda,Accord,EX-L FWD,17995,20700
2017,Honda,Accord,Sport SE FWD,17922,16222
2018,Honda,Accord,1.5T Sport FWD,21421,10358
2014,Honda,Accord,EX-L w/ Nav,12995,51000
2018,Honda,Accord,1.5T EX-L FWD with Navigation,20900,57008
2016,Honda,Accord,Sport,15000,42351
2018,Honda,Accord,2.0T Touring FWD,24900,30333
2018,Honda,Accord,1.5T LX FWD,18999,4884
2016,Honda,Accord,LX,13999,23893
2018,Honda,Accord,2.0T Sport FWD,22717,27874
2017,Honda,Accord,V6 EX-L FWD,19999,21128
2008,Honda,Accord,EX V6,6995,85487
2016,Honda,Accord,LX,14793,3157
2014,Honda,Accord,,8900,120000
2018,Honda,Accord,1.5T Sport FWD,21700,3485
2017,Honda,Accord,EX-L FWD,17995,20700
2017,Honda,Accord,Sport SE FWD,17922,16222
2018,Honda,Accord,1.5T Sport FWD,21421,10358
2014,Honda,Accord,EX-L w/ Nav,12995,51000
2018,Honda,Accord,1.5T EX-L FWD with Navigation,20900,57008
2016,Honda,Accord,Sport,15000,42351
2018,Honda,Accord,2.0T Touring FWD,24900,30333
2018,Honda,Accord,1.5T LX FWD,18999,4884
2016,Honda,Accord,LX,13999,23893
2018,Honda,Accord,2.0T Sport FWD,22717,27874
2017,Honda,Accord,V6 EX-L FWD,19999,21128
2008,Honda,Accord,EX V6,6995,85487
2016,Honda,Accord,LX,14793,3157
2014,Honda,Accord,,8900,120000
2018,Honda,Accord,1.5T Sport FWD,21700,3485
2017,Honda,Accord,EX-L FWD,17995,20700
2017,Honda,Accord,Sport SE FWD,17922,16222
2018,Honda,Accord,1.5T Sport FWD,21421,10358
2014,Honda,Accord,EX-L w/ Nav,12995,51000
2018,Honda,Accord,1.5T EX-L FWD with Navigation,20900,57008
2016,Honda,Accord,Sport,15000,42351
2018,Honda,Accord,2.0T Touring FWD,24900,30333
2018,Honda,Accord,1.5T LX FWD,18999,4884
2016,Honda,Accord,LX,13999,23893
2018,Honda,Accord,2.0T Sport FWD,22717,27874
2017,Honda,Accord,V6 EX-L FWD,19999,21128
2008,Honda,Accord,EX V6,6995,85487
2016,Honda,Accord,LX,14793,3157
2014,Honda,Accord,,8900,120000
2018,Honda,Accord,1.5T Sport FWD,21700,3485
2017,Honda,Accord,EX-L FWD,17995,20700
2017,Honda,Accord,Sport SE FWD,17922,16222
2018,Honda,Accord,1.5T Sport FWD,21421,10358
2014,Honda,Accord,EX-L w/ Nav,12995,51000
2018,Honda,Accord,1.5T EX-L FWD with Navigation,20900,57008
2016,Honda,Accord,Sport,15000,42351
2018,Honda,Accord,2.0T Touring FWD,24900,30333
2018,Honda,Accord,1.5T LX FWD,18999,4884
2016,Honda,Accord,LX,13999,23893
2018,Honda,Accord,2.0T Sport FWD,22717,27874
2017,Honda,Accord,V6 EX-L FWD,19999,21128
2008,Honda,Accord,EX V6,6995,85487
2016,Honda,Accord,LX,14793,3157
2014,Honda,Accord,,8900,120000
2018,Honda,Accord,1.5T Sport FWD,21700,3485
2017,Honda,Accord,EX-L FWD,17995,20700
2017,Honda,Accord,Sport SE FWD,17922,16222
2018,Honda,Accord,1.5T Sport FWD,21421,10358
2014,Honda,Accord,EX-L w/ Nav,12995,51000
2018,Honda,Accord,1.5T EX-L FWD with Navigation,20900,57008
2016,Honda,Accord,Sport,15000,42351
2018,Honda,Accord,2.0T Touring FWD,24900,30333
2018,Honda,Accord,1.5T LX FWD,18999,4884
2016,Honda,Accord,LX,13999,23893
2018,Honda,Accord,2.0T Sport FWD,22717,27874
2017,Honda,Accord,V6 EX-L FWD,19999,21128
2008,Honda,Accord,EX V6,6995,85487
2016,Honda,Accord,LX,14793,3157
2014,Honda,Accord,,8900,120000
2018,Honda,Accord,1.5T Sport FWD,21700,3485
2017,Honda,Accord,EX-L FWD,17995,20700
2017,Honda,Accord,Sport SE FWD,17922,16222
2018,Honda,Accord,1.5T Sport FWD,21421,10358
2014,Honda,Accord,EX-L w/ Nav,12995,51000
2018,Honda,Accord,1.5T EX-L FWD with Navigation,20900,57008
2016,Honda,Accord,Sport,15000,42351
2018,Honda,Accord,2.0T Touring FWD,24900,30333
2018,Honda,Accord,1.5T LX FWD,18999,4884
2016,Honda,Accord,LX,13999,23893
2018,Honda,Accord,2.0T Sport FWD,22717,27874
2017,Honda,Accord,V6 EX-L FWD,19999,21128
2008,Honda,Accord,EX V6,6995,85487
